comparison,n,mean,std,min,max,mean_r,ci_low_r,ci_high_r,mean_z,ci_low_z,ci_high_z,t_stat,p_value
intra:vdvae:emonet:alpha_-4_vs_alpha_0,982,0.7336715459823608,0.11498226970434189,0.2636673152446747,0.9669687747955322,0.7563710013878779,0.7489460430943474,0.7636060465936113,0.987679228811816,0.9705503703077122,1.0048080873159198,113.15447779384886,0.0
intra:vdvae:emonet:alpha_-2_vs_alpha_0,982,0.8458952903747559,0.08369506895542145,0.4893735945224762,0.9853587746620178,0.866547896964245,0.8615587373947905,0.8713696805598702,1.319051662349578,1.2993616538266006,1.3387416708725555,131.46197345558505,0.0
intra:vdvae:emonet:alpha_+2_vs_alpha_0,981,0.8476127982139587,0.0850309282541275,0.5201102495193481,0.9918574690818787,0.8698048265046009,0.8646690820928093,0.8747587623153686,1.3322773371944547,1.3115579288306085,1.352996745558301,126.18335886338637,0.0
intra:vdvae:emonet:alpha_+4_vs_alpha_0,965,0.7041710615158081,0.1382092386484146,-0.31371623277664185,0.9445104598999023,0.7315562698472605,0.7228619200276702,0.7400190207487846,0.9320672701001934,0.9136131142002389,0.9505214260001479,99.11668749509495,0.0
intra:vdvae:memnet:alpha_-4_vs_alpha_0,866,0.42841020226478577,0.23484943807125092,-0.4970752000808716,0.9131550192832947,0.4630606371662656,0.4460022853206945,0.4797827041495116,0.5012003387706744,0.47969871077468684,0.5227019667666619,45.75053818432786,3.579919909984935e-233
intra:vdvae:memnet:alpha_-2_vs_alpha_0,972,0.741973876953125,0.12865237891674042,0.20013177394866943,0.9700369238853455,0.7722408162215262,0.7638900277007119,0.7803330341263971,1.0258555817307424,1.005489605621207,1.0462215578402778,98.84865555560332,0.0
intra:vdvae:memnet:alpha_+2_vs_alpha_0,982,0.7687599062919617,0.1057785227894783,0.32527241110801697,0.9646666049957275,0.7909370121795378,0.7842430625360438,0.7974468560348504,1.0739293243360184,1.0562985325618441,1.0915601161101927,119.5330857396987,0.0
intra:vdvae:memnet:alpha_+4_vs_alpha_0,981,0.5646671652793884,0.18271638453006744,-0.20351000130176544,0.9351004362106323,0.5946753385767631,0.5827495136172327,0.6063450784865332,0.6848685329520942,0.6666160419469553,0.703121023957233,73.63255370977289,0.0
intra:versatile_diffusion:emonet:alpha_-4_vs_alpha_0,982,0.2095804661512375,0.1391102820634842,-0.21832148730754852,0.7069521546363831,0.21505507353174233,0.20582277332545634,0.22424909479298477,0.2184655624005208,0.2088053843123732,0.22812574048866843,44.37946886673892,8.331068269708987e-237
intra:versatile_diffusion:emonet:alpha_-2_vs_alpha_0,982,0.4680206775665283,0.15263815224170685,0.11076150089502335,0.8811839818954468,0.4855093372334245,0.4749147894078308,0.49596317252697336,0.5301677867631616,0.5163974709504429,0.5439381025758803,75.55334236878774,0.0
intra:versatile_diffusion:emonet:alpha_+2_vs_alpha_0,982,0.38717004656791687,0.15534557402133942,0.06658931821584702,0.8540356159210205,0.4008408873052233,0.3902254967676546,0.41134972581313883,0.42465038785020764,0.41206600943305294,0.43723476626736235,66.21921100325311,0.0
intra:versatile_diffusion:emonet:alpha_+4_vs_alpha_0,982,0.4058426320552826,0.15182490646839142,-0.04313456267118454,0.8745418190956116,0.4193837300119259,0.40908334535113927,0.42957725097117594,0.4469439947656503,0.43450983955040434,0.4593781499808962,70.53766318977965,0.0
intra:versatile_diffusion:memnet:alpha_-4_vs_alpha_0,982,0.2286050170660019,0.14429648220539093,-0.14664220809936523,0.7472701668739319,0.23463373587436417,0.22517102852933873,0.24405218359374553,0.2390875695249252,0.22909670266668827,0.2490784363831621,46.961079519302416,3.422727617809376e-253
intra:versatile_diffusion:memnet:alpha_-2_vs_alpha_0,982,0.4094074070453644,0.1628570258617401,0.07051099091768265,0.8669427633285522,0.42653371076917573,0.41511337502735673,0.4378196432690385,0.45565182405144034,0.44177345278894015,0.4695301953139405,64.42862425858496,0.0
intra:versatile_diffusion:memnet:alpha_+2_vs_alpha_0,982,0.42013320326805115,0.15012595057487488,0.033983536064624786,0.865803599357605,0.43416305694125806,0.4239192690029958,0.44429577923235636,0.46501538611751675,0.4524602941966714,0.4775704780383621,72.68280377224379,0.0
intra:versatile_diffusion:memnet:alpha_+4_vs_alpha_0,982,0.34509041905403137,0.15208227932453156,-0.14300982654094696,0.8275154829025269,0.35587880591998994,0.3456993957508894,0.36597446299441766,0.3721590951883513,0.36055113417264906,0.3837670562040535,62.91539713087535,0.0
alpha0_vs_originals:vdvae:emonet,982,0.26897385716438293,0.23028315603733063,-0.3922635614871979,0.8305156230926514,0.2884088458434711,0.2727032806152747,0.30396074032360537,0.2968298791994262,0.2797819741013665,0.3138777842974859,34.168101004552,3.494417318919814e-169
alpha0_vs_originals:vdvae:memnet,982,0.26917019486427307,0.2303285002708435,-0.40137311816215515,0.8360216617584229,0.2886440329757858,0.27292904132488727,0.3042050234549339,0.29708642296181265,0.2800258890765401,0.3141469568470852,34.172317519102826,3.271758013671972e-169
alpha0_vs_originals:versatile_diffusion:emonet,982,0.2404283732175827,0.1920485645532608,-0.21286599338054657,0.8319231867790222,0.2531171970550204,0.24003646082564342,0.26610603445765263,0.2587406005817609,0.24481280234973868,0.27266839881378313,36.45577718678953,1.217583005308694e-184
alpha0_vs_originals:versatile_diffusion:memnet,982,0.24113884568214417,0.1926623284816742,-0.20943114161491394,0.8225645422935486,0.25400904708261934,0.24086879671993258,0.26705619434250066,0.25969373153632697,0.2456962149883486,0.27369124808430534,36.40782401090263,2.559714518795229e-184
alpha0_vs_vdvae_i2i:vdvae:emonet,982,0.2928715944290161,0.245987668633461,-0.4198858141899109,0.858566403388977,0.31712524761141886,0.30026959194536784,0.3337829091232724,0.3284476668995524,0.30981588542922817,0.34707944836987664,34.5936227835451,4.564671137627236e-172
alpha0_vs_vdvae_i2i:vdvae:memnet,982,0.2930324077606201,0.24602389335632324,-0.439556360244751,0.86429762840271,0.31731361504083194,0.3004492526812948,0.3339796374649853,0.3286571102282468,0.31001336163647303,0.34730085882002054,34.59346307264589,4.5760555295647855e-172
alpha0_vs_vdvae_i2i:versatile_diffusion:emonet,982,0.2608696520328522,0.20336197316646576,-0.23497046530246735,0.8591294288635254,0.27626052067415224,0.26234439571747914,0.290061760546643,0.28362906021401896,0.26862442391001834,0.2986336965180196,37.09449806379812,6.218166535114811e-189
alpha0_vs_vdvae_i2i:versatile_diffusion:memnet,982,0.26175522804260254,0.20395325124263763,-0.23315775394439697,0.8496794104576111,0.27736294133731665,0.2633865227819762,0.29122294643832136,0.2848229635654656,0.2697439053112738,0.2999020218196574,37.06679429823529,9.54034563282913e-189
